/*!40101 SET NAMES utf8 */;
/*!40014 SET FOREIGN_KEY_CHECKS=0 */;
/*!40101 SET SQL_MODE='NO_AUTO_VALUE_ON_ZERO' */;
/*!40111 SET SQL_NOTES=0 */;
CREATE DATABASE /*!32312 IF NOT EXISTS*/ groupomania /*!40100 DEFAULT CHARACTER SET utf8mb4 */;
USE groupomania;

DROP TABLE IF EXISTS comments;
CREATE TABLE `comments` (
  `id` int(11) NOT NULL AUTO_INCREMENT,
  `message` text NOT NULL,
  `createdAt` datetime NOT NULL,
  `updatedAt` datetime NOT NULL,
  `UserId` int(11) NOT NULL,
  `PostId` int(11) NOT NULL,
  PRIMARY KEY (`id`),
  UNIQUE KEY `id` (`id`),
  KEY `UserId` (`UserId`),
  KEY `PostId` (`PostId`),
  CONSTRAINT `comments_ibfk_1` FOREIGN KEY (`UserId`) REFERENCES `users` (`id`) ON DELETE CASCADE ON UPDATE CASCADE,
  CONSTRAINT `comments_ibfk_2` FOREIGN KEY (`PostId`) REFERENCES `posts` (`id`) ON DELETE CASCADE ON UPDATE CASCADE
) ENGINE=InnoDB AUTO_INCREMENT=13 DEFAULT CHARSET=latin1;

DROP TABLE IF EXISTS likes;
CREATE TABLE `likes` (
  `id` int(11) NOT NULL AUTO_INCREMENT,
  `createdAt` datetime NOT NULL,
  `updatedAt` datetime NOT NULL,
  `UserId` int(11) NOT NULL,
  `PostId` int(11) NOT NULL,
  PRIMARY KEY (`id`),
  UNIQUE KEY `id` (`id`),
  KEY `UserId` (`UserId`),
  KEY `PostId` (`PostId`),
  CONSTRAINT `likes_ibfk_1` FOREIGN KEY (`UserId`) REFERENCES `users` (`id`) ON DELETE CASCADE ON UPDATE CASCADE,
  CONSTRAINT `likes_ibfk_2` FOREIGN KEY (`PostId`) REFERENCES `posts` (`id`) ON DELETE CASCADE ON UPDATE CASCADE
) ENGINE=InnoDB AUTO_INCREMENT=28 DEFAULT CHARSET=latin1;

DROP TABLE IF EXISTS posts;
CREATE TABLE `posts` (
  `id` int(11) NOT NULL AUTO_INCREMENT,
  `text` text NOT NULL,
  `imageUrl` varchar(255) DEFAULT NULL,
  `createdAt` datetime NOT NULL,
  `updatedAt` datetime NOT NULL,
  `UserId` int(11) NOT NULL,
  PRIMARY KEY (`id`),
  UNIQUE KEY `id` (`id`),
  KEY `UserId` (`UserId`),
  CONSTRAINT `posts_ibfk_1` FOREIGN KEY (`UserId`) REFERENCES `users` (`id`) ON DELETE CASCADE ON UPDATE CASCADE
) ENGINE=InnoDB AUTO_INCREMENT=36 DEFAULT CHARSET=latin1;

DROP TABLE IF EXISTS users;
CREATE TABLE `users` (
  `id` int(11) NOT NULL AUTO_INCREMENT,
  `email` varchar(255) NOT NULL,
  `password` varchar(255) NOT NULL,
  `isAdmin` tinyint(1) DEFAULT '0',
  `firstName` varchar(255) NOT NULL,
  `surname` varchar(255) NOT NULL,
  `photo` varchar(255) DEFAULT NULL,
  `bio` text,
  `createdAt` datetime NOT NULL,
  `updatedAt` datetime NOT NULL,
  PRIMARY KEY (`id`),
  UNIQUE KEY `id` (`id`),
  UNIQUE KEY `email` (`email`)
) ENGINE=InnoDB AUTO_INCREMENT=29 DEFAULT CHARSET=utf8mb4;

INSERT INTO comments(id,message,createdAt,updatedAt,UserId,PostId) VALUES(6,X'53757065722070686f746f21200a50726f66697465206269656e203b29','2021-07-25 22:32:49','2021-07-25 22:32:49',28,25),(8,X'c380207265666169726520617520706c7573207669746520212121','2021-07-25 23:00:35','2021-07-25 23:21:08',28,26),(9,X'4176656320706c6169736972203a292021212121','2021-07-25 23:21:55','2021-07-25 23:58:42',22,26),(10,X'4d6f692121212121','2021-07-26 14:17:35','2021-07-26 14:17:35',27,28),(11,X'4a6520737569732073c3bb72206465206761676e6572','2021-07-26 14:18:11','2021-07-26 14:18:11',25,28),(12,X'556e206d65696c6c657572206573706163652064c3a96a65756e6572203f','2021-07-26 14:22:59','2021-07-26 14:22:59',22,29);

INSERT INTO likes(id,createdAt,updatedAt,UserId,PostId) VALUES(16,'2021-07-25 22:32:23','2021-07-25 22:32:23',28,25),(17,'2021-07-25 22:37:53','2021-07-25 22:37:53',28,26),(18,'2021-07-25 23:59:04','2021-07-25 23:59:04',22,26),(19,'2021-07-26 13:54:06','2021-07-26 13:54:06',25,26),(20,'2021-07-26 13:54:10','2021-07-26 13:54:10',25,25),(21,'2021-07-26 13:54:13','2021-07-26 13:54:13',25,27),(22,'2021-07-26 14:17:01','2021-07-26 14:17:01',26,27),(23,'2021-07-26 14:17:07','2021-07-26 14:17:07',26,25),(24,'2021-07-26 14:17:27','2021-07-26 14:17:27',27,28),(25,'2021-07-26 14:18:17','2021-07-26 14:18:17',25,28),(27,'2021-07-26 14:25:27','2021-07-26 14:25:27',24,30);

INSERT INTO posts(id,text,imageUrl,createdAt,updatedAt,UserId) VALUES(25,X'50686f746f206465206d657320766163616e63657320c3a0206c6120706c6167652021','http://localhost:3000/images/DSCF1404.JPG1627259065190.jpg','2021-07-25 22:24:21','2021-07-26 00:24:25',22),(26,X'5065746974206272756e63682061766563206c657320636f6c6cc3a867756573203a29','http://localhost:3000/images/IMG_5280-1-940x1251.jpg1627310103190.jpg','2021-07-25 22:37:48','2021-07-26 14:35:03',28),(27,X'5065746974652062616c616465','http://localhost:3000/images/chemin-creux-2.jpg1627307636120.jpg','2021-07-26 13:53:56','2021-07-26 13:53:56',25),(28,X'517569206573742070617274616e7420706f757220756e20626f776c696e6720617072c3a873206c6520626f756c6f743f3f3f','http://localhost:3000/images/index.jpg1627309828864.jpg','2021-07-26 14:16:47','2021-07-26 14:30:28',26),(29,X'5175276573742d636520717565206c276f6e20706f75727261697420616dc3a96c696f72657220617520627572656175206427617072c3a87320766f75733f0d0a44697465732d6d6f6920656e20636f6d6d656e746169726573','http://localhost:3000/images/Office-365-Delve-Your-Top-Questions-Answered-1024x682.jpg1627309250048.jpg','2021-07-26 14:20:50','2021-07-26 14:20:50',23),(30,X'436520736f697220632765737420666f6f742121212121','http://localhost:3000/images/1200px-StadeFranceNationsLeague2018.jpg1627309478623.jpg','2021-07-26 14:24:38','2021-07-26 14:24:38',22),(31,X'4573742d636520717565207175656c717527756e2073657261697420646973706f20706f757220647520636f766f69747572616765207376703f20','http://localhost:3000/images/covoiturage-vert.jpg1627309642097.jpg','2021-07-26 14:27:22','2021-07-26 14:27:22',24),(32,X'5175692065737420646973706f6e69626c65206365207765656b2d656e643f204a27617572616973206265736f696e206427756e20636f7570206465206d61696e20706f757220756e20646f737369657220717565206a65206e276172726976652070617320c3a0207465726d696e65722e','http://localhost:3000/images/images.jpg1627310290804.jpg','2021-07-26 14:38:10','2021-07-26 14:38:10',28),(33,X'426f6e6a6f757220c3a020746f75732c206a6520706f7374652063656369206166696e20646520766f75732072617070656c657220717527696c2065737420657373656e7469656c20717565206c657320c3a96368616e6765732073652066617373656e742064616e73206c652072657370656374206574206c6120626f6e6e652068756d6575722e2043652073697465207365727420c3a020666169726520706c757320616d706c6520636f6e6e61697373616e63652061766563206e6f7320636f6c6cc3a8677565732065742063652c206dc3aa6d6520656e206465686f7273206475207472617661696c2e20546f757465207075626c69636174696f6e206f7520636f6d6d656e7461697265206a7567c3a92064c3a9706c6163c3a92073657261207375707072696dc3a92e20536920756e207574696c6973617465757220636f6d6d657420706c7573696575727320696e6672616374696f6e732c20736f6e20636f6d70746520706f7572726120c3a967616c656d656e7420c3aa747265207375707072696dc3a92e0d0a0d0a4d65726369','http://localhost:3000/images/index111.jpg1627310569588.jpg','2021-07-26 14:42:49','2021-07-26 14:42:49',21),(34,X'53616c757420746f7574206c65206d6f6e6465202120546f75726ec3a9652067c3a96ec3a972616c6520636520736f697220706f75722066c3aa746572206d612070726f6d6f74696f6e2e','http://localhost:3000/images/tenor.gif1627310709627.undefined','2021-07-26 14:45:09','2021-07-26 14:45:09',27),(35,X'436f6d6d656e7420c3a761207365207061737365206c6520626f756c6f7420706f757220766f75733f','http://localhost:3000/images/giphy.gif1627310851619.undefined','2021-07-26 14:47:31','2021-07-26 14:47:31',27);
INSERT INTO users(id,email,password,isAdmin,firstName,surname,photo,bio,createdAt,updatedAt) VALUES(3,'youssef-71150@hotmail.fr','$2b$10$ikvkGYRPAJ0lk19R.mdGRet4NWlHbEW1cVYOklSifCyBRFCSELzKO',1,'Youssef','Lazar',NULL,X'4a65206d27617070656c6c6520596f7573736566206a27616920323620616e73','2021-01-23 04:14:31','2021-07-22 03:26:04'),(21,'GroupomaniaAdmin@groupomania.com','$2b$10$Yg4pGzSMREFDfXzwh3l8Y.XK9oIepsG8sjR7.yVO7gBStjTEBjRRS',1,'Admin','Admin',NULL,NULL,'2021-07-25 22:09:09','2021-07-25 22:09:09'),(22,'AmandineBlanc@groupomania.com','$2b$10$bpA89JYcLRBzwQxPaaN42u.ZadjJGIpTKubhFKRqQaAOyi.UkcGbq',0,'Amandine','Blanc',NULL,NULL,'2021-07-25 22:16:07','2021-07-25 22:16:07'),(23,'HeleneVaillancour@groupomania.com','$2b$10$YGXndVNgh4/mc2SkXtkSguyylxXazfzpa1d1uA.16DmfmpuNLehYO',0,'Hélène','Vaillancour',NULL,NULL,'2021-07-25 22:19:18','2021-07-25 22:19:18'),(24,'PaulVeronneau@groupomania.com','$2b$10$DGc9ZpBZ6G4sErnCX6Zttee4NR/ITg2yzNeTfKBCELUw5iM.YqqdG',0,'Paul','Veronneau',NULL,NULL,'2021-07-25 22:19:58','2021-07-25 22:19:58'),(25,'LeonMayer@groupomania.com','$2b$10$Nt0eO.QOwkaBOUi1cWwJAu8nBytTtvf2FujVlkD1FwiISTctNWJQm',0,'Leon','Mayer',NULL,NULL,'2021-07-25 22:20:40','2021-07-25 22:20:40'),(26,'ValeriaEstrada@groupomania.com','$2b$10$8RVR/YadhopTNTaFX9tCre9va3ed6ktSNXuLpPI/FVfg3nzTuQLTC',0,'Valeria','Estrada',NULL,NULL,'2021-07-25 22:21:05','2021-07-25 22:21:05'),(27,'SamuelGuilleminot@groupomania.com','$2b$10$0xjV9xBw9U9gtsJI1NYG0OD91.pCiyVHs29fp4tK3tChz34UIzjf6',0,'Samuel','Guilleminot',NULL,NULL,'2021-07-25 22:21:50','2021-07-25 22:21:50'),(28,'GabriellePlassard@groupomania.com','$2b$10$UWOADudAvObXjmIq1WQSpOUQhIyA2XWA.YAZxNTdNtec2s2WmH50u',0,'Gabrielle','Plassard',NULL,NULL,'2021-07-25 22:22:25','2021-07-25 22:22:25');